title,text,label
"Scientists Discover Water and Organic Compounds on Distant Exoplanet","Astronomers using the James Webb Space Telescope have detected atmospheric water vapor and carbon-bearing molecules in the habitable zone of a nearby star system. The peer-reviewed findings were published in the Astrophysical Journal today.",REAL
"Government Secretly Installs 5G Microchips Inside Common Salt","An anonymous online whistleblower claims that international agencies are secretly infusing microchips inside everyday table salt packages to control human brainwaves via 5G cell towers without public consent.",FAKE
"Federal Reserve Holds Interest Rates Steady Amid Cooling Inflation","The Federal Reserve announced Wednesday that it will maintain its benchmark interest rate target range, citing consistent economic growth and easing consumer price inflation over the previous quarter.",REAL
"Drinking Boiled Lemon Juice Cures All Viral Infections Overnight","A viral social media post falsely claims that drinking a mixture of boiled lemon juice, baking soda, and crushed garlic provides a guaranteed 100 percent cure for all viral diseases within 24 hours.",FAKE
"Tech Company Launches Next-Generation Quantum Computing Processor","Leading computing researchers unveiled a 128-qubit quantum computing chip designed to accelerate cryptographic analysis and molecular simulations for pharmaceutical research.",REAL
"Secret Underground City Discovered Beneath Antarctic Ice Shelf","Unverified conspiracy forums claim that military satellites have uncovered a massive prehistoric metropolis inhabited by ancient civilizations buried three miles under Antarctic glacial ice.",FAKE
"Global Renewable Energy Capacity Grew by Record Numbers in 2024","The International Energy Agency reported that global renewable electricity installations expanded rapidly this year, led primarily by solar photovoltaic and onshore wind power developments.",REAL
"Eating Raw Onion Slices in Socks Pulls All Toxins Out of the Body","Alternative health blogs claim that placing raw onion slices inside your socks overnight absorbs all bloodstream poisons and instantly purifies internal organs.",FAKE
"WHO Updates Global Clinical Guidelines for Managing Hypertension","The World Health Organization has released comprehensive updated recommendations on pharmacological treatments for hypertension in adults, emphasizing early lifestyle modifications.",REAL
"Alien Transmission Detected from Deep Space Radio Signal Repeater","Unsubstantiated tabloids reported that radio astronomers decoded an intelligent linguistic message originating from Alpha Centauri that predicts impending earth collisions.",FAKE
"Electric Vehicles Surpass New Market Share Milestones Worldwide","Automotive sales figures show significant adoption of zero-emission battery electric vehicles across North American and European markets over the fiscal year.",REAL
"Solar Flares Will Permanently Erase All Digital Bank Account Balances","A viral messaging chain claims an upcoming solar storm will wipe out all magnetic storage systems and erase all personal bank accounts worldwide permanently.",FAKE
"New Biodegradable Polymer Replaces Single-Use Packaging Plastics","Materials scientists have engineered an eco-friendly bioplastic derived from seaweed extracts that decomposes naturally in soil within sixty days without microplastic residue.",REAL
"Planting Copper Wires in Soil Generates Infinite Free Household Electricity","A trending video asserts that burying copper coil antennas in house gardens generates continuous electromagnetic electrical power sufficient to run all home appliances for free.",FAKE
"Mars Rover Gathers Critical Geological Samples from Ancient Lakebed","NASA's robotic rover has successfully cached sedimentary core samples containing silica-rich minerals that indicate the persistent presence of liquid water billions of years ago.",REAL
"Secret Moon Base Visible Tonight with Naked Eye Due to Orbital Drift","Social media posts claim that a top-secret lunar military fortress will reflect bright neon light visible without telescopes tonight during the lunar perigee.",FAKE
"Cybersecurity Agency Issues Patch Advisory for Critical Browser Flaw","National cyber defense authorities have urged organizations to promptly apply security updates mitigating a zero-day vulnerability in web browser rendering engines.",REAL
"Government Passes Law Banning All Cash Transactions Starting Next Monday","Viral posts claim a secret emergency decree has been enacted to eliminate all physical paper currency and confiscate gold coins starting next Monday morning.",FAKE
"Major Breakthrough in Solid-State Battery Energy Density Announced","Laboratory researchers have developed a lithium-metal solid-state battery capable of retaining over ninety percent capacity after one thousand rapid charge cycles.",REAL
"Breathing Himalayan Pink Salt Dust Reverses Lung Aging Completely","Health influencers claim that inhaling aerosolized pink salt crystal dust instantly regenerates damaged alveoli and cures chronic respiratory ailments overnight.",FAKE
"Global Seed Vault Receives Thousands of New Crop Seed Varieties","Agricultural conservationists deposited thirty thousand new seed samples in the Arctic Svalbard Global Seed Vault to safeguard crop genetic biodiversity against climate shocks.",REAL
"Scientists Build Time-Travel Portal in Desert Military Bunker","Conspiracy bloggers claim quantum physicists have constructed a functioning chronoportation gateway capable of sending modern military personnel back to the 18th century.",FAKE
"Clinical Trial Shows Positive Outcomes for Novel Cancer Immunotherapy","Phase 3 clinical trial results demonstrate that a targeted antibody-drug conjugate significantly improves progression-free survival in advanced oncology patients.",REAL
"Eating Crushed Apple Seeds Detoxifies Liver and Eliminates Heavy Metals","Online pseudoscience articles falsely advise individuals to ingest large quantities of raw apple seed powder to flush environmental toxins from body tissues.",FAKE
"Artificial Intelligence Model Accurately Predicts Severe Weather 10 Days in Advance","Meteorologists have integrated machine learning neural networks with traditional numerical weather prediction models to provide extended ten-day hurricane trajectory forecasts.",REAL
"Microscopic Robots Discovered in Bottled Mineral Water Brands","Unverified viral video claims that dark-field microscopy reveals self-assembling surveillance nanobots present in commercial drinking water bottles.",FAKE
"Archaeologists Unearth 4000-Year-Old Bronze Age Settlement","Field excavations in the Mediterranean have revealed well-preserved architectural foundations, ceramic pottery, and metal trade artifacts dating back to the early Bronze Age period.",REAL
"Government Installing Mind-Reading Sensors Inside Highway Streetlamps","Chain letters circulate claims that municipal smart LED streetlights are equipped with neural resonance scanners designed to monitor driver thoughts.",FAKE
"Forest Restoration Initiative Plants 50 Million Native Trees","An international conservation coalition completed a multi-year ecological restoration project, successfully planting fifty million native hardwood saplings across degraded watersheds.",REAL
"Consuming Gold Flakes Prevents All Cardiovascular Diseases and Stroke","Luxury health spas promote edible gold leaf supplements with false assertions that pure elemental gold ions coat arterial walls and eliminate plaque accumulation.",FAKE
