source,target
User1,User2
User1,User3
User1,User4
User1,User5
User2,User3
User2,User6
User3,User7
User4,User5
User4,User8
User5,User6
User6,User7
User6,User9
User7,User8
User7,User10
User8,User9
User9,User10
User7,User11
User8,User12
User10,User13
User11,User12
User11,User14
User11,User15
User12,User14
User12,User16
User13,User14
User13,User17
User14,User15
User14,User18
User15,User16
User15,User19
User16,User17
User16,User20
User17,User18
User18,User19
User19,User20
User15,User21
User18,User22
User20,User23
User21,User22
User21,User24
User21,User25
User22,User24
User22,User26
User23,User25
User23,User27
User24,User26
User24,User28
User25,User27
User25,User29
User26,User28
User26,User30
User27,User29
User27,User30
User28,User29
User28,User30
User29,User30
User3,User12
User9,User18
User14,User26
User2,User11
User17,User25
